Domain,Status,Attractiveness,Demand,Length,Sectors,Created,Expires,Registrar
one.partners,expiring,132,43%,3,"Business,General,Media,Technology",06/09/2023 17:00,06/09/2025 17:00,Dynadot Inc
brief.partners,available,124,19%,5,"Business,Education,General,Law",,,
second.partners,available,120,23%,6,"General,Mathematics",,,
tenth.partners,available,116,7%,5,Mathematics,,,
flat.partners,available,116,23%,4,"Construction,Real Estate",,,
equal.partners,available,116,19%,5,"Education,General,Law",,,
tonic.partners,available,114,22%,5,"Health and Fitness,Medicine,Science",,,
hotshot.partners,available,112,14%,7,"Business,Entertainment,Sports",,,
above.partners,available,112,22%,5,Business,,,
acute.partners,available,112,9%,5,"Mathematics,Medicine,Science",,,
abiding.partners,available,106,5%,7,"General,Religion",,,
teen.partners,available,104,14%,4,"Education,Entertainment,Healthcare",,,
absent.partners,available,102,8%,6,"Business,Education,Technology",,,
whiz.partners,available,100,12%,4,"Business,Education,Technology",,,
eighth.partners,available,100,6%,6,Mathematics,,,
sixth.partners,available,100,8%,5,Mathematics,,,
ninth.partners,available,100,9%,5,Mathematics,,,
crack.partners,available,100,20%,5,Sports,,,
third.partners,available,100,15%,5,Mathematics,,,
remove.partners,available,100,13%,6,"Construction,Manufacturing,Technology",,,
abrupt.partners,available,100,3%,6,"Medicine,Science",,,
adjunct.partners,available,100,5%,7,Education,,,
forgiving.partners,available,96,3%,9,"Healthcare,Religion",,,
academic.partners,available,96,20%,8,"Education,Humanities,Science",,,
doable.partners,available,96,9%,6,"Business,Education,Technology",,,
alamode.partners,available,96,12%,9,Fashion,,,
actual.partners,available,96,22%,6,"Real Estate,Retail,Technology",,,
adequate.partners,available,94,9%,8,"Education,Healthcare,Technology",,,
about.partners,available,94,28%,5,"Business,General,Media,Technology",,,
virtuoso.partners,available,94,16%,8,"Arts,Entertainment",,,
around.partners,available,94,22%,6,"Business,General,Media,Technology",,,
abject.partners,available,94,7%,6,Humanities,,,
nought.partners,available,92,4%,6,Mathematics,,,
adjective.partners,available,92,5%,9,Education,,,
abroad.partners,available,92,12%,6,"Hospitality,Travel",,,
adept.partners,available,92,24%,5,"Education,Health and Fitness,Sports",,,
derelict.partners,available,92,7%,8,"Construction,Real Estate",,,
twentieth.partners,available,92,3%,9,Mathematics,,,
exemplary.partners,available,92,5%,9,"Business,Education,Healthcare",,,
leash.partners,available,90,7%,5,"General,Health and Fitness,Retail",,,
adoring.partners,available,90,2%,7,"Entertainment,Fashion,Retail",,,
addictive.partners,available,90,9%,9,Healthcare,,,
abortive.partners,available,90,1%,8,"Medicine,Science",,,
additional.partners,available,90,8%,10,"Fashion,Retail,Technology",,,
gripping.partners,available,90,3%,8,"Entertainment,Media,Technology",,,
clear.partners,expiring,90,47%,5,"Manufacturing,Retail,Technology",13/09/2014 00:53,13/09/2025 00:53,"GoDaddy.com, LLC"
endearing.partners,available,90,1%,9,"Entertainment,Fashion,Retail",,,
activist.partners,available,88,12%,8,"Humanities,Politics",,,
wide.partners,available,88,18%,4,"Business,Media,Technology",,,
hundred.partners,available,88,13%,7,Mathematics,,,
adlib.partners,available,88,7%,6,Entertainment,,,
proficient.partners,available,88,8%,10,"Education,Health and Fitness,Sports",,,
fifteen.partners,available,88,13%,7,Mathematics,,,
eleven.partners,available,88,32%,6,Mathematics,,,
sixteen.partners,available,88,10%,7,Mathematics,,,
twelve.partners,available,88,18%,6,"General,Mathematics",,,
aboriginal.partners,available,86,10%,10,Humanities,,,
intent.partners,available,86,25%,6,"Business,Education,Technology",,,
star.partners,available,86,40%,4,"Entertainment,Media,Sports",,,
xix.partners,available,86,10%,3,Mathematics,,,
recondite.partners,available,86,4%,9,"Arts,Humanities,Science",,,
xiv.partners,available,86,12%,3,Mathematics,,,
engrossing.partners,available,86,0%,10,"Entertainment,Media,Technology",,,
adolescent.partners,available,86,3%,10,"Education,Entertainment,Healthcare",,,
attendant.partners,available,86,5%,9,"Healthcare,Hospitality,Transportation",,,
extempore.partners,available,86,3%,9,Entertainment,,,
seventeen.partners,available,84,7%,9,Mathematics,,,
twentytwo.partners,available,84,10%,10,Mathematics,,,
fourteen.partners,available,84,8%,8,Mathematics,,,
thirteen.partners,available,84,10%,8,Mathematics,,,
accessory.partners,available,84,8%,9,"Fashion,Retail,Technology",,,
nineteen.partners,available,84,8%,8,Mathematics,,,
twentyone.partners,available,84,13%,10,Mathematics,,,
acting.partners,available,84,12%,6,Entertainment,,,
deviate.partners,available,84,12%,7,"Medicine,Science",,,
thousand.partners,available,84,8%,8,Mathematics,,,
adjustable.partners,available,84,3%,10,"Manufacturing,Retail,Technology",,,
abenaki.partners,available,82,2%,7,Geography,,,
impromptu.partners,available,82,16%,9,Entertainment,,,
abroach.partners,available,82,1%,7,Food and Beverage,,,
cleansing.partners,available,82,3%,9,Health and Fitness,,,
fivesome.partners,available,82,1%,8,Sports,,,
abkhaz.partners,available,82,1%,6,Geography,,,
good.partners,available,82,47%,4,"Food and Beverage,General,Health and Fitness,Retail",,,
absorbent.partners,available,82,3%,9,"Healthcare,Manufacturing,Retail",,,
decade.partners,available,82,10%,6,Mathematics,,,
abdominal.partners,available,82,1%,9,"Health and Fitness,Medicine",,,
altered.partners,available,82,9%,7,"Medicine,Science",,,
dozen.partners,available,82,10%,5,Mathematics,,,
forty.partners,available,80,9%,5,Mathematics,,,
seventh.partners,available,80,10%,7,Mathematics,,,
twenty.partners,available,80,12%,6,Mathematics,,,
two.partners,available,80,23%,3,Mathematics,,,
worshipful.partners,available,80,1%,10,"Education,Healthcare,Religion",,,
some.partners,available,80,32%,4,"Business,Media,Retail",,,
adoptable.partners,available,80,3%,9,"Education,Healthcare",,,
dorsal.partners,available,80,6%,6,"Medicine,Science",,,
absolute.partners,available,80,25%,8,"Engineering,Mathematics,Science",,,
capable.partners,available,80,12%,7,"Business,Education,Technology",,,
superstar.partners,available,80,18%,9,Entertainment,,,
sequent.partners,available,80,7%,7,"Healthcare,Insurance,Transportation",,,
trio.partners,available,80,21%,4,Entertainment,,,
absorbable.partners,available,80,0%,10,"Healthcare,Pharmaceuticals,Science",,,
absurd.partners,available,80,16%,6,"Arts,Entertainment,Media",,,
nine.partners,available,80,24%,4,"General,Mathematics",,,
twentysix.partners,available,78,8%,10,Mathematics,,,
abounding.partners,available,78,2%,9,Agriculture,,,
abkhasian.partners,available,78,1%,9,Geography,,,
honestly.partners,available,78,9%,8,"Business,Law",,,
recognized.partners,available,78,3%,10,"Business,Education,Technology",,,
athletic.partners,available,78,15%,8,"Health and Fitness,Sports",,,
acceptant.partners,available,78,1%,9,"Education,Healthcare",,,
accurate.partners,available,78,16%,8,"Engineering,Mathematics,Science",,,
accessible.partners,available,78,21%,10,"Healthcare,Retail,Technology",,,
abkhazian.partners,available,78,1%,9,Geography,,,
accepted.partners,available,78,6%,8,"Business,Education,Technology",,,
absorptive.partners,available,78,1%,10,"Healthcare,Manufacturing,Retail",,,
low.partners,available,78,20%,3,"Business,Finance",,,
recognised.partners,available,78,3%,10,"Business,Education,Technology",,,
adorable.partners,available,78,8%,8,"Entertainment,Fashion,Retail",,,
accidental.partners,available,78,11%,10,"Healthcare,Insurance,Transportation",,,
adjacent.partners,available,78,9%,8,"Construction,Real Estate,Retail",,,
sixtynine.partners,available,78,8%,10,Mathematics,,,
adrenal.partners,available,78,4%,7,"Education,Healthcare,Science",,,
dormant.partners,available,78,4%,7,"Medicine,Science",,,
acceptable.partners,available,78,5%,10,"Business,Hospitality,Retail",,,
firstrate.partners,available,76,6%,10,Business,,,
adipose.partners,available,76,2%,7,"Healthcare,Science",,,
resultant.partners,available,76,2%,9,"Healthcare,Insurance,Transportation",,,
thirteenth.partners,available,76,3%,10,Mathematics,,,
acoustic.partners,available,76,14%,8,Science,,,
ague.partners,available,76,2%,4,"Geography,Medicine,Science",,,
obscene.partners,available,76,5%,7,"Entertainment,Media",,,
ancillary.partners,available,76,6%,9,"Healthcare,Manufacturing,Technology",,,
adherent.partners,available,76,4%,8,"Politics,Religion",,,
fourteenth.partners,available,76,2%,10,Mathematics,,,
addable.partners,available,76,2%,7,"Engineering,Mathematics,Science",,,
auxiliary.partners,available,76,7%,9,"Healthcare,Manufacturing,Technology",,,
adhesive.partners,available,76,7%,8,"Construction,Manufacturing,Technology",,,
energizing.partners,available,76,3%,10,"Food and Beverage,Health and Fitness,Travel",,,
threed.partners,available,76,7%,7,Technology,,,
improvise.partners,available,76,4%,9,Entertainment,,,
ventral.partners,available,76,3%,7,Science,,,
thousandth.partners,available,76,1%,10,Mathematics,,,
fifteenth.partners,available,76,2%,9,Mathematics,,,
incidental.partners,available,76,4%,10,"Healthcare,Insurance,Transportation",,,
hundredth.partners,available,76,1%,9,Mathematics,,,
abrasive.partners,available,76,6%,8,"Construction,Manufacturing",,,
nineteenth.partners,available,76,3%,10,Mathematics,,,
mavin.partners,available,74,7%,5,"Entertainment,Fashion,Technology",,,
abnormal.partners,available,74,16%,8,"Medicine,Science",,,
realizable.partners,available,74,1%,10,"Business,Education,Technology",,,
broad.partners,available,74,13%,5,"Entertainment,General,Media",,,
aberrant.partners,available,74,6%,8,"Medicine,Science",,,
acuate.partners,available,74,2%,6,"Engineering,Medicine,Science",,,
sensation.partners,available,74,7%,9,"Entertainment,Media,Sports",,,
manageable.partners,available,74,4%,10,"Business,Education,Technology",,,
adapted.partners,available,74,6%,7,"Healthcare,Manufacturing,Technology",,,
single.partners,available,74,19%,6,Sports,,,
cleared.partners,available,74,7%,7,"Healthcare,Law,Transportation",,,
achievable.partners,available,74,4%,10,"Business,Education,Technology",,,
adamant.partners,available,74,14%,7,Religion,,,
adenoid.partners,available,74,1%,7,"Health and Fitness,Medicine,Science",,,
skilful.partners,available,74,3%,7,"Education,Health and Fitness,Sports",,,
admirable.partners,available,74,5%,9,"Business,Education,Healthcare",,,
accepting.partners,available,74,3%,9,"Education,Healthcare",,,
playing.partners,available,74,12%,7,Entertainment,,,
activated.partners,available,74,9%,9,"Healthcare,Manufacturing,Technology",,,
adrenergic.partners,available,74,1%,10,"Education,Healthcare,Science",,,
ablaze.partners,available,72,6%,6,Entertainment,,,
sixtieth.partners,available,72,1%,8,Mathematics,,,
adaptative.partners,available,72,1%,10,"Business,Education,Technology",,,
improvize.partners,available,72,1%,9,Entertainment,,,
adonic.partners,available,72,2%,6,"Arts,Education,Entertainment",,,
engrossed.partners,available,72,1%,9,"Entertainment,Media,Technology",,,
trinity.partners,available,72,18%,7,Religion,,,
ternary.partners,available,72,7%,7,Mathematics,,,
accusative.partners,available,72,0%,10,"Humanities,Law",,,
abreast.partners,available,72,2%,7,"Business,Technology",,,
abloom.partners,available,72,5%,6,Agriculture,,,
ninetieth.partners,available,72,1%,9,Mathematics,,,
adjunctive.partners,available,72,1%,10,"Healthcare,Manufacturing,Technology",,,
addicted.partners,available,72,9%,8,Healthcare,,,
eightieth.partners,available,72,1%,9,Mathematics,,,
aching.partners,available,72,4%,6,Healthcare,,,
existent.partners,available,72,3%,8,"Mathematics,Science",,,
lovely.partners,available,72,26%,6,"Entertainment,Fashion,Retail",,,
liv.partners,available,72,28%,3,Mathematics,,,
seventieth.partners,available,72,1%,10,Mathematics,,,
adjectival.partners,available,72,1%,10,Education,,,
accustomed.partners,available,72,1%,10,"Business,Education,Humanities",,,
trey.partners,available,72,13%,4,Sports,,,
absorbed.partners,available,72,2%,8,"Entertainment,Media,Technology",,,
absolutist.partners,available,72,1%,10,"Humanities,Law,Politics",,,
adiabatic.partners,available,72,3%,9,"Engineering,Science",,,
unity.partners,resell,70,38%,5,Mathematics,13/05/2024 15:15,13/05/2026 15:15,Porkbun LLC
practiced.partners,available,70,3%,9,"Education,Health and Fitness,Sports",,,
miserable.partners,available,70,4%,9,Humanities,,,
adored.partners,available,70,6%,6,"Entertainment,Fashion,Retail",,,
consequent.partners,available,70,3%,10,"Business,Education,General,Technology",,,
adamantine.partners,available,70,4%,10,Religion,,,
recumbent.partners,available,70,2%,9,"Healthcare,Medicine,Science",,,
adjusted.partners,available,70,5%,8,"Manufacturing,Retail,Technology",,,
lowdown.partners,available,70,6%,8,"Entertainment,Media",,,
accumbent.partners,available,70,1%,9,"Healthcare,Medicine,Science",,,
abradant.partners,available,70,1%,8,"Construction,Manufacturing",,,
acuminate.partners,available,70,1%,9,"Engineering,Medicine,Science",,,
stillborn.partners,available,70,2%,9,"Medicine,Science",,,
skillful.partners,available,70,9%,8,"Education,Health and Fitness,Sports",,,
abulic.partners,available,70,1%,6,Medicine,,,
admired.partners,available,70,5%,7,"Business,Education,Healthcare",,,
gymnastic.partners,available,70,3%,9,"Entertainment,Sports",,,
absorbing.partners,available,70,3%,9,"Entertainment,Media,Technology",,,
offhand.partners,available,70,2%,7,Entertainment,,,
fiftieth.partners,available,68,1%,8,Mathematics,,,
septenary.partners,available,68,2%,9,Mathematics,,,
foursome.partners,available,68,4%,8,Sports,,,
disciple.partners,expiring,68,14%,8,"Education,Religion",17/09/2014 19:49,17/09/2025 19:49,"GoDaddy.com, LLC"
licenced.partners,available,68,2%,8,"Business,Healthcare,Insurance",,,
achaian.partners,available,68,2%,7,Humanities,,,
ane.partners,available,68,12%,3,Mathematics,,,
abnaki.partners,available,68,1%,6,Geography,,,
acerate.partners,available,68,1%,7,Science,,,
ablative.partners,available,68,3%,8,Science,,,
decorated.partners,available,68,3%,9,"Entertainment,Fashion,Retail",,,
threesome.partners,available,68,5%,9,Entertainment,,,
activating.partners,available,68,3%,10,"Healthcare,Manufacturing,Technology",,,
aberdonian.partners,available,68,1%,10,Geography,,,
abducent.partners,available,68,0%,8,Medicine,,,
licensed.partners,available,68,5%,8,"Business,Healthcare,Insurance",,,
achaean.partners,available,68,2%,7,Humanities,,,
thirtieth.partners,available,68,1%,9,Mathematics,,,
octonary.partners,available,68,1%,8,Mathematics,,,
stygian.partners,available,68,5%,7,Humanities,,,
scurvy.partners,available,68,3%,6,Humanities,,,
aculeate.partners,available,68,1%,8,"Engineering,Medicine,Science",,,
abkhas.partners,available,68,0%,6,Geography,,,
sevener.partners,available,68,1%,7,Mathematics,,,
ennead.partners,available,68,5%,6,Mathematics,,,
vindicated.partners,available,68,2%,10,"Humanities,Law,Politics",,,
aroused.partners,available,68,3%,7,"Entertainment,Health and Fitness",,,
fortieth.partners,available,68,1%,8,Mathematics,,,
accredited.partners,available,68,9%,10,"Business,Education,Healthcare",,,
modish.partners,available,66,5%,6,Fashion,,,
xiii.partners,available,66,9%,4,Mathematics,,,
sextet.partners,available,66,2%,6,Entertainment,,,
xviii.partners,available,66,4%,5,Mathematics,,,
six.partners,available,66,26%,3,Mathematics,,,
according.partners,available,66,3%,9,"Business,Education,Technology",,,
century.partners,available,66,17%,7,Education,,,
xvii.partners,available,66,5%,4,Mathematics,,,
four.partners,expiring,66,27%,4,Mathematics,19/09/2014 12:39,19/09/2025 12:39,"GoDaddy.com, LLC"
ninety.partners,available,66,11%,6,Mathematics,,,
exonerated.partners,available,66,2%,10,"Humanities,Law,Politics",,,
xxi.partners,available,66,10%,3,Mathematics,,,
thirty.partners,available,66,7%,6,Mathematics,,,
performing.partners,available,66,6%,10,Entertainment,,,
deuce.partners,available,66,8%,5,Sports,,,
acervate.partners,available,66,1%,8,Science,,,
xii.partners,available,66,10%,3,Mathematics,,,
adopted.partners,available,66,4%,7,"Education,Healthcare",,,
tenner.partners,available,66,4%,6,Finance,,,
onec.partners,available,66,6%,5,Mathematics,,,
buzzing.partners,available,66,7%,7,"Entertainment,Media,Technology",,,
xxvi.partners,available,66,3%,4,Mathematics,,,
xvi.partners,available,66,4%,3,Mathematics,,,
abstinent.partners,available,66,1%,9,"Health and Fitness,Religion",,,
acrobatic.partners,available,66,4%,9,"Entertainment,Sports",,,
five.partners,available,66,26%,4,Mathematics,,,
eighty.partners,available,66,6%,6,Mathematics,,,
teenager.partners,available,66,4%,8,"Education,Entertainment,Healthcare",,,
xxii.partners,available,66,6%,4,Mathematics,,,
fifty.partners,available,66,13%,5,Mathematics,,,
acappella.partners,available,66,6%,10,Entertainment,,,
adorned.partners,available,66,5%,7,"Entertainment,Fashion,Retail",,,
latest.partners,available,66,18%,6,Technology,,,
accessary.partners,available,66,1%,9,"Business,Law,Technology",,,
astringent.partners,available,64,1%,10,"Healthcare,Pharmaceuticals",,,
nondrinker.partners,available,64,1%,10,"Health and Fitness,Religion",,,
deviant.partners,available,64,12%,7,"Medicine,Science",,,
scatty.partners,available,64,1%,6,"Arts,Entertainment,Media",,,
aflame.partners,available,64,3%,6,Entertainment,,,
rising.partners,available,64,18%,6,"Construction,Manufacturing,Real Estate",,,
accordant.partners,available,64,3%,9,"Arts,Entertainment",,,
absolved.partners,available,64,1%,8,"Humanities,Law,Religion",,,
adagio.partners,available,64,14%,6,Entertainment,,,
acentric.partners,available,64,2%,8,Science,,,
aborigine.partners,available,62,1%,9,Humanities,,,
troika.partners,available,62,8%,6,Politics,,,
accrued.partners,available,62,2%,7,"Banking,Finance,Insurance",,,
admissible.partners,available,62,1%,10,"Education,Healthcare,Law",,,
sixteenth.partners,available,62,1%,9,Mathematics,,,
activation.partners,available,62,16%,10,"Healthcare,Manufacturing,Technology",,,
twodozen.partners,available,62,1%,9,Mathematics,,,
eighteenth.partners,available,62,1%,10,Mathematics,,,
longdozen.partners,available,62,1%,10,Mathematics,,,
adjuvant.partners,available,62,5%,8,"Healthcare,Manufacturing,Technology",,,
orso.partners,available,62,9%,5,"Business,Media,Technology",,,
chiliad.partners,available,62,2%,7,Mathematics,,,
pungent.partners,available,62,1%,7,Food and Beverage,,,
playacting.partners,available,62,1%,10,Entertainment,,,
eleventh.partners,available,62,5%,8,Mathematics,,,
activistic.partners,available,62,1%,10,"Humanities,Politics",,,
aufait.partners,available,62,3%,7,"Fashion,Media",,,
exculpated.partners,available,62,1%,10,"Humanities,Law,Politics",,,
acidic.partners,available,62,5%,6,"Food and Beverage,Science",,,
fortyfour.partners,available,62,6%,10,Mathematics,,,
roughly.partners,available,62,3%,7,"Business,Media,Technology",,,
wrapped.partners,available,62,13%,7,"Fashion,Hospitality,Retail",,,
adoptive.partners,available,62,1%,8,"Education,Healthcare",,,
ensuant.partners,available,62,1%,7,"Healthcare,Insurance,Transportation",,,
cumulative.partners,available,62,2%,10,"Banking,Finance,Insurance",,,
accusing.partners,available,62,1%,8,Law,,,
abo.partners,available,62,15%,3,Science,,,
nail.partners,available,62,16%,4,"Construction,Fashion,General,Retail",,,
clxx.partners,available,60,2%,4,Mathematics,,,
idolized.partners,available,60,3%,8,"Entertainment,Fashion,Retail",,,
cxxv.partners,available,60,1%,4,Mathematics,,,
abashed.partners,available,60,1%,7,Humanities,,,
adnexal.partners,available,60,1%,7,"Agriculture,Manufacturing,Retail",,,
aboveboard.partners,available,60,5%,10,"Business,Law",,,
tertiary.partners,available,60,4%,8,Education,,,
eightysix.partners,available,60,7%,10,Mathematics,,,
cautionary.partners,available,60,1%,10,"Business,Education,Healthcare",,,
acceptive.partners,available,60,1%,9,"Education,Healthcare",,,
abstemious.partners,available,60,0%,10,"Food and Beverage,Health and Fitness,Hospitality",,,
clx.partners,available,60,8%,3,Mathematics,,,
octet.partners,available,60,12%,5,Arts,,,
idolised.partners,available,60,1%,8,"Entertainment,Fashion,Retail",,,
xcl.partners,available,60,5%,3,Mathematics,,,
cxlv.partners,available,60,2%,4,Mathematics,,,
adnate.partners,available,60,1%,6,"Agriculture,Manufacturing,Retail",,,
clxxv.partners,available,60,1%,5,Mathematics,,,
annexal.partners,available,60,1%,7,"Agriculture,Manufacturing,Retail",,,
cxxxv.partners,available,60,1%,5,Mathematics,,,
cxxx.partners,available,60,3%,4,Mathematics,,,
cxv.partners,available,60,4%,3,Mathematics,,,
clxxx.partners,available,60,1%,5,Mathematics,,,
cxl.partners,available,60,7%,3,Mathematics,,,
thou.partners,available,60,7%,4,Mathematics,,,
cxx.partners,available,60,9%,3,Mathematics,,,
paunchy.partners,available,60,0%,7,"Health and Fitness,Medicine",,,
sixty.partners,available,60,13%,5,Mathematics,,,
clxv.partners,available,60,1%,4,Mathematics,,,
abstainer.partners,available,60,0%,9,"Health and Fitness,Religion",,,
tercet.partners,available,59,2%,6,"Arts,Entertainment,Media",,,
hexad.partners,available,58,5%,5,Mathematics,,,
accoutred.partners,available,58,1%,9,"Fashion,Manufacturing,Retail",,,
adient.partners,available,58,4%,6,"Medicine,Science",,,
sixtyone.partners,available,58,5%,9,Mathematics,,,
lxxx.partners,available,58,2%,4,Mathematics,,,
addible.partners,available,58,2%,7,"Engineering,Mathematics,Science",,,
quintet.partners,available,58,8%,7,"Arts,Entertainment",,,
fourscore.partners,available,58,4%,9,Mathematics,,,
aucourant.partners,available,58,3%,10,"Fashion,Media",,,
abandoned.partners,available,58,10%,9,"Construction,Real Estate",,,
abused.partners,available,58,5%,6,"Healthcare,Law",,,
heptad.partners,available,58,2%,6,Mathematics,,,
fourth.partners,available,58,13%,6,Mathematics,,,
pentad.partners,available,58,3%,6,Mathematics,,,
niner.partners,available,58,5%,5,Mathematics,,,
adjustive.partners,available,58,1%,9,"Manufacturing,Retail,Technology",,,
fifth.partners,available,58,12%,5,Mathematics,,,
sextuplet.partners,available,58,1%,9,Healthcare,,,
eighter.partners,available,58,2%,7,Mathematics,,,
justabout.partners,available,58,3%,10,"Business,Media,Technology",,,
abuzz.partners,available,58,5%,5,"Entertainment,Media,Technology",,,
abridged.partners,available,58,4%,8,Media,,,
accretive.partners,available,58,6%,9,"Banking,Finance,Insurance",,,
alacarte.partners,available,58,11%,10,Food and Beverage,,,
octad.partners,available,58,5%,5,Mathematics,,,
offhanded.partners,available,58,1%,9,Entertainment,,,
linear.partners,available,58,22%,6,"Engineering,Mathematics,Science",,,
actuarial.partners,available,58,8%,9,"Finance,Insurance,Mathematics",,,
acetic.partners,available,58,1%,6,"Food and Beverage,Science",,,
seventy.partners,available,58,7%,7,Mathematics,,,
acyclic.partners,available,58,4%,7,"Engineering,Mathematics,Science",,,
addressed.partners,available,58,3%,9,"Business,Technology,Telecommunications",,,
tetrad.partners,available,58,5%,6,Mathematics,,,
sixer.partners,available,58,5%,5,Sports,,,
closeto.partners,available,58,3%,8,"Business,Media,Technology",,,
accented.partners,available,58,3%,8,"Arts,Entertainment",,,
enwrapped.partners,available,58,0%,9,"Entertainment,Fashion,Media",,,
centesimal.partners,available,58,1%,10,Mathematics,,,
twelfth.partners,available,58,2%,7,Mathematics,,,
ache.partners,available,58,7%,4,Healthcare,,,
lxxviii.partners,available,58,1%,7,Mathematics,,,
halfdozen.partners,available,56,1%,10,Mathematics,,,
maledict.partners,available,56,1%,8,Religion,,,
accoutered.partners,available,56,0%,10,"Fashion,Manufacturing,Retail",,,
xxiii.partners,available,56,4%,5,Mathematics,,,
lvi.partners,available,56,8%,3,Mathematics,,,
xxiv.partners,available,56,5%,4,Mathematics,,,
ilx.partners,available,56,6%,3,Mathematics,,,
xli.partners,available,56,5%,3,Mathematics,,,
abdominous.partners,available,56,0%,10,"Health and Fitness,Medicine",,,
xlv.partners,available,56,6%,3,Mathematics,,,
fortyone.partners,available,56,5%,9,Mathematics,,,
addled.partners,available,56,2%,6,Entertainment,,,
terzetto.partners,available,56,3%,8,Arts,,,
thirtyone.partners,available,56,4%,10,Mathematics,,,
xlvii.partners,available,56,2%,5,Mathematics,,,
xxviii.partners,available,56,1%,6,Mathematics,,,
xliii.partners,available,56,1%,5,Mathematics,,,
fortynine.partners,available,56,3%,10,Mathematics,,,
appressed.partners,available,56,0%,9,"Agriculture,Manufacturing,Retail",,,
xlvi.partners,available,56,3%,4,Mathematics,,,
admittible.partners,available,56,1%,10,"Education,Healthcare,Hospitality",,,
lii.partners,available,56,7%,3,Mathematics,,,
lvii.partners,available,56,2%,4,Mathematics,,,
potbellied.partners,available,56,0%,10,"Health and Fitness,Medicine",,,
thirtysix.partners,available,56,5%,10,Mathematics,,,
thirtytwo.partners,available,56,4%,10,Mathematics,,,
xxix.partners,available,56,4%,4,Mathematics,,,
xlviii.partners,available,56,1%,6,Mathematics,,,
fiftynine.partners,available,56,4%,10,Mathematics,,,
fiftyfour.partners,available,56,4%,10,Mathematics,,,
xxxiii.partners,available,56,2%,6,Mathematics,,,
xxxiv.partners,available,56,1%,5,Mathematics,,,
xxxvi.partners,available,56,1%,5,Mathematics,,,
fortysix.partners,available,56,4%,9,Mathematics,,,
admissive.partners,available,56,1%,9,"Education,Healthcare,Hospitality",,,
xxxii.partners,available,56,1%,5,Mathematics,,,
lviii.partners,available,56,1%,5,Mathematics,,,
fiftyfive.partners,available,56,8%,10,Mathematics,,,
xliv.partners,available,56,3%,4,Mathematics,,,
xxxviii.partners,available,56,1%,7,Mathematics,,,
liii.partners,available,56,4%,4,Mathematics,,,
admittable.partners,available,56,1%,10,"Education,Healthcare,Hospitality",,,
fiftytwo.partners,available,56,6%,9,Mathematics,,,
xxxvii.partners,available,56,2%,6,Mathematics,,,
xlii.partners,available,56,5%,4,Mathematics,,,
xxvii.partners,available,56,3%,5,Mathematics,,,
fiftysix.partners,available,56,4%,9,Mathematics,,,
fiftyone.partners,available,56,8%,9,Mathematics,,,
xxxv.partners,available,56,4%,4,Mathematics,,,
xxxi.partners,available,56,8%,4,Mathematics,,,
abeyant.partners,available,56,1%,7,"Business,Law",,,
admonitory.partners,available,54,0%,10,"Business,Education,Healthcare",,,
viii.partners,available,54,6%,4,Mathematics,,,
sise.partners,available,54,5%,4,Mathematics,,,
abaxial.partners,available,54,1%,7,Science,,,
abatic.partners,available,54,1%,6,Science,,,
adpressed.partners,available,54,0%,9,"Agriculture,Manufacturing,Retail",,,
abducens.partners,available,54,1%,8,Medicine,,,
adaxial.partners,available,54,2%,7,Science,,,
adducting.partners,available,54,1%,9,"Engineering,Mathematics,Science",,,
unnatural.partners,available,54,4%,9,"Medicine,Science",,,
fortyfive.partners,available,54,5%,10,Mathematics,,,
twoscore.partners,available,54,2%,8,Mathematics,,,
accentual.partners,available,54,3%,9,"Arts,Entertainment",,,
quaternity.partners,available,54,4%,10,Mathematics,,,
achy.partners,available,54,3%,4,Healthcare,,,
threescore.partners,available,54,2%,10,Mathematics,,,
topnotch.partners,available,54,18%,8,Business,,,
quaternion.partners,available,54,6%,10,Mathematics,,,
adjuratory.partners,available,54,0%,10,"Law,Politics,Religion",,,
adducent.partners,available,54,1%,8,"Engineering,Mathematics,Science",,,
acoustical.partners,available,54,4%,10,Science,,,
abatable.partners,available,54,1%,8,Law,,,
abasic.partners,available,54,1%,6,Science,,,
quintuplet.partners,available,54,1%,10,"Healthcare,Medicine,Science",,,
actuated.partners,available,54,2%,8,"Automotive,Manufacturing,Technology",,,
ternion.partners,available,54,3%,7,Mathematics,,,
monitory.partners,available,54,3%,8,"Business,Education,Healthcare",,,
quadruplet.partners,available,54,1%,10,"Healthcare,Medicine,Science",,,
quatern.partners,available,54,2%,7,Mathematics,,,
scratchy.partners,available,54,3%,8,Fashion,,,
accursed.partners,available,54,3%,8,"Entertainment,Media,Religion",,,
iii.partners,available,54,24%,3,Mathematics,,,
deuceace.partners,available,54,1%,9,Sports,,,
adductive.partners,available,54,0%,9,"Engineering,Mathematics,Science",,,
aboral.partners,available,54,2%,6,Science,,,
achromatic.partners,available,54,4%,10,Science,,,
deserted.partners,available,54,3%,8,"Hospitality,Real Estate",,,
abhorrent.partners,available,54,1%,9,Humanities,,,
vii.partners,available,54,13%,3,Mathematics,,,
abient.partners,available,54,1%,6,Science,,,
xxx.partners,expired,53,30%,3,"Arts,Entertainment,Media",04/07/2023 05:02,04/07/2025 05:02,Dynadot Inc
sestet.partners,available,53,1%,6,Arts,,,
septet.partners,available,53,1%,6,General,,,
lxiv.partners,available,52,3%,4,Mathematics,,,
xcii.partners,available,52,2%,4,Mathematics,,,
lxxiv.partners,available,52,1%,5,Mathematics,,,
ninetysix.partners,available,52,4%,10,Mathematics,,,
eightytwo.partners,available,52,4%,10,Mathematics,,,
ixl.partners,available,52,9%,3,Mathematics,,,
lxxv.partners,available,52,2%,4,Mathematics,,,
lxxvi.partners,available,52,1%,5,Mathematics,,,
xcviii.partners,available,52,1%,6,Mathematics,,,
lxxvii.partners,available,52,2%,6,Mathematics,,,
xciii.partners,available,52,1%,5,Mathematics,,,
odious.partners,available,52,2%,6,"Entertainment,Humanities",,,
abstruse.partners,available,52,5%,8,"Humanities,Mathematics,Science",,,
abusive.partners,available,52,3%,7,"Healthcare,Law",,,
lxxxvi.partners,available,52,1%,6,Mathematics,,,
ablated.partners,available,52,1%,7,Science,,,
abysmal.partners,available,52,4%,7,"Arts,Entertainment,Media",,,
sixtytwo.partners,available,52,3%,9,Mathematics,,,
sixtyfour.partners,available,52,4%,10,Mathematics,,,
lxxi.partners,available,52,2%,4,Mathematics,,,
aboulic.partners,available,52,1%,7,Medicine,,,
sixtysix.partners,available,52,5%,9,Mathematics,,,
lxxxi.partners,available,52,1%,5,Mathematics,,,
repulsive.partners,available,52,1%,9,Humanities,,,
lxvi.partners,available,52,3%,4,Mathematics,,,
lxxxii.partners,available,52,1%,6,Mathematics,,,
eightyone.partners,available,52,3%,10,Mathematics,,,
lxxxv.partners,available,52,1%,5,Mathematics,,,
ninetyone.partners,available,52,5%,10,Mathematics,,,
lxiii.partners,available,52,2%,5,Mathematics,,,
xci.partners,available,52,4%,3,Mathematics,,,
lxvii.partners,available,52,1%,5,Mathematics,,,
lxii.partners,available,52,2%,4,Mathematics,,,
xcvii.partners,available,52,1%,5,Mathematics,,,
xcvi.partners,available,52,2%,4,Mathematics,,,
abominable.partners,available,52,2%,10,"Entertainment,Humanities",,,
sixtyfive.partners,available,52,3%,10,Mathematics,,,
lxxiii.partners,available,52,2%,6,Mathematics,,,
lxxii.partners,available,52,1%,5,Mathematics,,,
lxi.partners,available,52,5%,3,Mathematics,,,
lxxxiv.partners,available,52,1%,6,Mathematics,,,
ninetytwo.partners,available,52,4%,10,Mathematics,,,
xciv.partners,available,52,2%,4,Mathematics,,,
lxv.partners,available,52,5%,3,Mathematics,,,
lxxxvii.partners,available,52,1%,7,Mathematics,,,
repugnant.partners,available,52,1%,9,Humanities,,,
lxviii.partners,available,52,2%,6,Mathematics,,,
decumbent.partners,available,52,1%,9,"Healthcare,Medicine,Science",,,
detestable.partners,available,52,1%,10,Humanities,,,
lxxxiii.partners,available,52,1%,7,Mathematics,,,
adenoidal.partners,available,52,1%,9,"Health and Fitness,Medicine,Science",,,
tierce.partners,available,52,3%,6,General,,,
chagrined.partners,available,52,1%,9,Humanities,,,
littlejoe.partners,available,52,2%,10,"Entertainment,Media",,,
trine.partners,available,50,11%,5,"General,Religion",,,
abomasal.partners,available,50,0%,8,Agriculture,,,
acerbic.partners,available,50,2%,7,"Arts,Humanities,Media",,,
acellular.partners,available,50,1%,9,Science,,,
adhominem.partners,available,50,2%,10,"Humanities,Law,Politics",,,
needlelike.partners,available,50,0%,10,"Engineering,Medicine,Science",,,
cinque.partners,available,50,7%,6,Mathematics,,,
spinous.partners,available,50,1%,7,"Agriculture,Science",,,
lxx.partners,available,50,5%,3,Mathematics,,,
abranchial.partners,available,50,0%,10,Science,,,
vinegary.partners,available,50,1%,8,Food and Beverage,,,
adactylous.partners,available,50,0%,10,Science,,,
acerb.partners,available,50,2%,5,Science,,,
acapnotic.partners,available,50,0%,9,"Healthcare,Medicine,Science",,,
aculeated.partners,available,50,0%,9,"Engineering,Medicine,Science",,,
aborticide.partners,available,50,0%,10,Medicine,,,
abducting.partners,available,50,0%,9,Medicine,,,
ogdoad.partners,available,50,1%,6,Mathematics,,,
acerose.partners,available,50,1%,7,Science,,,
abdicable.partners,available,50,0%,9,Law,,,
acetous.partners,available,50,1%,7,Science,,,
abbatial.partners,available,50,0%,8,Religion,,,
acaudal.partners,available,50,1%,7,"Agriculture,Science",,,
acetose.partners,available,50,1%,7,Science,,,
acapnic.partners,available,50,0%,7,"Healthcare,Medicine,Science",,,
triplet.partners,available,50,8%,7,Science,,,
acquitted.partners,available,50,1%,9,Law,,,
broached.partners,available,50,0%,8,Food and Beverage,,,
quint.partners,available,50,13%,5,"Arts,Entertainment",,,
scummy.partners,available,50,1%,6,Humanities,,,
gillless.partners,available,50,0%,9,Science,,,
abactinal.partners,available,50,0%,9,Science,,,
apriori.partners,available,48,13%,8,Mathematics,,,
ilxxx.partners,available,48,1%,5,Mathematics,,,
abstracted.partners,available,48,5%,10,"Arts,Humanities,Science",,,
lxxxviii.partners,available,48,1%,8,Mathematics,,,
ilxx.partners,available,48,1%,4,Mathematics,,,
abyssal.partners,available,48,12%,7,"Arts,Entertainment,Media",,,
notguilty.partners,available,48,5%,10,Law,,,
execrable.partners,available,48,0%,9,"Entertainment,Humanities",,,
theabsurd.partners,available,46,1%,10,"Arts,Entertainment,Media",,,
vinegarish.partners,available,46,1%,10,Food and Beverage,,,
acetabular.partners,available,46,1%,10,Science,,,
achenial.partners,available,46,1%,8,Science,,,
stemless.partners,available,46,2%,8,"Agriculture,Science",,,
acarpelous.partners,available,46,0%,10,"Agriculture,Science",,,
acephalous.partners,available,46,1%,10,Science,,,
acarpous.partners,available,46,0%,8,"Agriculture,Science",,,
acicular.partners,available,46,2%,8,Science,,,
cotyloid.partners,available,46,1%,8,Science,,,
acapnial.partners,available,46,0%,8,"Healthcare,Medicine,Science",,,
acetylenic.partners,available,46,1%,10,Science,,,
acanthoid.partners,available,46,1%,9,"Agriculture,Science",,,
acetonic.partners,available,46,1%,8,Science,,,
achromous.partners,available,46,1%,9,Science,,,
stripling.partners,available,46,2%,9,"Education,Entertainment,Healthcare",,,
acetylic.partners,available,46,1%,8,Science,,,
acaudate.partners,available,46,1%,8,"Agriculture,Science",,,
acanthous.partners,available,46,0%,9,"Agriculture,Science",,,
quaternary.partners,available,46,3%,10,Mathematics,,,
achromic.partners,available,46,2%,8,Science,,,
acheronian.partners,available,46,1%,10,Humanities,,,
acanthotic.partners,available,46,0%,10,"Agriculture,Science",,,
accusatory.partners,available,44,1%,10,Law,,,
acherontic.partners,available,44,1%,10,Humanities,,,
cotyloidal.partners,available,44,1%,10,Science,,,
phoebe.partners,available,41,14%,6,Science,,,
abscessed.partners,available,41,0%,9,Healthcare,,,
accurst.partners,available,40,1%,7,Religion,,,
accusive.partners,available,40,1%,8,Law,,,
scurrilous.partners,available,40,1%,10,"Entertainment,Media,Politics",,,